n,train_time_ms,time_s
100,0.5473,0.0005473
1000,4.3792,0.0043792
10000,43.0365,0.0430365
100000,625.5381,0.6255381
300000,2538.6521,2.5386520999999997
1000000,10702.4899,10.7024899
