n,train_time_ms,time_s
100,31.347124953754246,0.031347124953754246
1000,41.46941705437005,0.041469417054370045
10000,94.78583305564523,0.09478583305564522
100000,840.6684999582618,0.8406684999582618
