n,train_time_ms,time_s
100,32.86362497601658,0.03286362497601658
1000,35.68145807366818,0.03568145807366818
10000,91.65408300065994,0.09165408300065994
100000,844.4068340114578,0.8444068340114578
