n,train_time_ms,time_s
100,0.5255,0.0005254999999999999
1000,4.347,0.004347
10000,43.9496,0.0439496
100000,625.7957,0.6257957000000001
300000,2541.3362,2.5413362000000004
1000000,10272.6459,10.272645899999999
